<!--

    Copyright 2016 Red Hat, Inc.

    Red Hat licenses this file to you under the Apache License, version
    2.0 (the "License"); you may not use this file except in compliance
    with the License.  You may obtain a copy of the License at

        http://www.apache.org/licenses/LICENSE-2.0

    Unless required by applicable law or agreed to in writing, software
    distributed under the License is distributed on an "AS IS" BASIS,
    WITHOUT WARRANTIES OR CONDITIONS OF ANY KIND, either express or
    implied.  See the License for the specific language governing
    permissions and limitations under the License.

-->
<assembly xmlns="http://maven.apache.org/plugins/maven-assembly-plugin/assembly/1.1.0"
  xmlns:xsi="http://www.w3.org/2001/XMLSchema-instance"
  xsi:schemaLocation="http://maven.apache.org/plugins/maven-assembly-plugin/assembly/1.1.0 http://maven.apache.org/xsd/assembly-1.1.0.xsd">
  <id>webapp</id>
  <dependencySets>
    <dependencySet>
      <useProjectArtifact>true</useProjectArtifact>
      <includes>
        <include>${project.groupId}:${project.artifactId}</include>
      </includes>
      <outputDirectory>.</outputDirectory>
      <outputFileNameMapping>${fabric8.generator.webapp.path}.war</outputFileNameMapping>
    </dependencySet>
  </dependencySets>
</assembly>
